id,sequence
1a3n_native_seq,VLSPADKTNVKAAWGKVGAHAGEYGAEALERMFLSFPTTKTYFPHFDLSHGSAQVKGHGKKVADALTNAVAHVDDMPNALSALSDLHAHKLRVDPVNFKLLSHCLLVTLAAHLPAEFTPAVHASLDKFLASVSTVLTSKYR
sample1_t1.00_0.496,PLTARDKAAVKKVWGATGAAAPALGAEAFQHLFKTYPEAKEYFKNFDLSEGSTQVKAHGAKVAGALGLAVENIDSMPQALSQLSDMHAFRLKIDPKYFEHIATCVLNTLKANLKGQFTPETETACKKWLAEVGRVLTSKAK
sample2_t1.00_0.504,ALSSQDKQNVSAVWGAVGGQAGALGAEAFQCMFSKYPGAKAYFPNFDLSAGSPQVAAHGTAVADAVNLAVSNIDNMASALGTLQTRHAHILKVDPSNFSKLGACLGETLQKNQASIYTPANQAALTKFLAAIGAVLSAKQP
sample3_t1.00_0.461,TLTAADRDAVAAALGAVGDDAGALGAEALQNMFTTYPPTRAYFGNFDLSPGSGQVATHGLKLANAVGLAAANINAMATALADLSVQHAFKLKIDPIYFAKLADCIGQTLGNALAGTATLAVNGSLVKFFNKVGEVLQSQMS
sample4_t1.00_0.553,SLSTDDRRAVQAAFGSVGVNAGAWGAEALQCMFTQFPKTRSYFGQFDLSAGSAQVAAHGKRLAGALGRAVQHIDAMAPALADLAWLHAHKLRVDPRDWTKVAACILQTLQNHLPGQMTAAVHAALTKFAAAVGTVLTSERG
sample5_t1.00_0.511,SLSATDKANVKAAIGKLGDKGGALGAEALTKTFAKVPEARQYFKNFDLKPGSAQVKQHGKTVAASLGLANRKIDDMKAALSELAKLHAHKLKVDPKYFGDLATSIGETLKANLADEMTPATSAALEKYLQEVGRVLSSSWK
sample6_t1.00_0.475,SLSEEDRANVRGALGAVGDKAGTYGAKAFQYAFKTYPETAAFFGQFDLSTGSPQVKAHGVRVADAVGKAAAAVNDMDGALATLATQHAHVLKVEPKYFGVVAQKVLETLSEALPQQYTPTVATSLAKFGAQVGKVLTSQMV
sample7_t1.00_0.468,NLTDDDMAAVKAVWGKTGGQGGALGAQALQKSFKAFPPTCEYFPFMDLSAGSPQVAAHGKKVSDALGLAVTAIDDMQAAVAFLQHQHAHVLKVDAKYFGKVGRCMLETLRENLPDEMTAGVDTAMARFTARVGEVLQSKKS
sample8_t1.00_0.468,PLSAEDKANVSAAWSAVGAKAPELGAKALQNTFDKYPQAKQYFPNFDLGPGSPQVKAHGARLANALGEAVKNIDAMDASLATMAKEHAQKLKVDPVYFGHVGQSILDTLKDNLAGQMTAGTQDSLAKYLAKVGQVLTSEQK
sample9_t1.00_0.496,GLSDTDRANVRAAWGVVGGSGGRLGAEALQCLFSSFPAARAFFPNMDLRPGSLQVQQHGTALAAALGLAVQNIDAMAPALSALQYQHAKTLRVMPRYFARVGECVLRTLRANLAAAMTPDVAASLRRFLAVVGAVLTGRMQ
sample10_t1.00_0.504,ELSAEDIENVKAAFAKTGDKMGEMGAKAFQTLFVSIPDAKAYFNNFDLSEGSSQVAAHGKAVADALGLAAKNINDMDNALLALSTLHATKLKVDPKFYAALGNQIGKCLGENLAEEWTDATKTSMGKFLAAVGRVLTSKQH
