id,sequence,ll_fullseq,ll_withcoord
1a3n_native_seq,VLSPADKTNVKAAWGKVGAHAGEYGAEALERMFLSFPTTKTYFPHFDLSHGSAQVKGHGKKVADALTNAVAHVDDMPNALSALSDLHAHKLRVDPVNFKLLSHCLLVTLAAHLPAEFTPAVHASLDKFLASVSTVLTSKYR,-1.1501194297844637,-1.1501194297844637
sample1_t0.50_0.596,ALSAADKAAVRAAWGAVGPKGGALGAEALQRTFTSFPAAKAYFPNFDLSAGSPQVAAHGVRVADALGLAVANIDAMDAALAGLADKHAHKLKVDPKYFGHLAACLGDTLAANLAGEMTAAVRASMNKFLAAVGAVLTSKAG,-0.6133044087294991,-0.6133044087294991
sample2_t0.50_0.582,ALTSADKANVKAAMGKVGAKGGALGAEALTCTFKKYPAAKAYFPNFDLSAGSAQVAAHGAKVAAALGLAVENIDNMAAALAALSDLHAHKLKIDPANFGKIAECVGETLEANLAGEMTAGTKASLAKFLAKVGEVLTSKMK,-0.6090449881046376,-0.6090449881046376
sample3_t0.50_0.567,GLSAQDKADVKAAWGAVGGKGGELGAQALQNLFGTYPQARQYFPNFDLSAGSPQVAAHGQKVADALNLAVQHIDDMAPALAALSNTHAHKLKVDPQYFGWLAQQLMTTLAANLPSQMTAAVSASMTRFLAKVGDVLTSQMG,-0.7051302862505541,-0.7051302862505541
sample4_t0.50_0.610,ALSQQDKADVKAAWGAVGAKGGELGAAALQCLFSTYPEAKQYFPNFDLSAGSPQVAAHGKRVADALGLAVQHIDAMSPALAALADLHAHKLKVDPKYFAQLAECVLQTLAANLPAQMTAAVKASLAKFFAAVGGVLTSKMG,-0.6209792549728502,-0.6209792549728502
sample5_t0.50_0.603,ALTEDDKAAVKAAWGTVGDKGGELGAEALTCMFKTFPSAKAYFPNFDLSEGSAQVAAHGKKVADALGLAVQNIDNMAEALSTLATLHATKLKVDPKYFGHLAGCILTTLAANLPEQMTPEVAASMEKFLAKVGEVLTSKMG,-0.6449456181086547,-0.6449456181086547
sample6_t0.50_0.560,MLTSADKAAVKAAMGKVGSAGGALGAEAFSRMFTTYPESKAFFPKFDLSAGSAQVAAHGAKVAGALGKAVQNIDNMAAALAALQTNHATKLKVDPKYFGYLAAQVGLTLAENLAAEMTAAVQASLAKFLAKVGEVLTSKSG,-0.7239034666237256,-0.7239034666237256
sample7_t0.50_0.546,ALSAADKANVKAALGKVGAKAGALGAEALQNLFKTYPEAKAYFPNFDLSAGSGQVAAHGARVAAALGKAADNIDAMAPALAALADKHATKLKVKPEYFGKIAASIGKTLDANLAGEMTAGVKASLGKFLAEVGKVLTSKMG,-0.5802818460667387,-0.5802818460667387
sample8_t0.50_0.574,DLSDQDKANVKAAWGAVGAEAGALGAEALQELFDKYPPAREYFKNFDLSPGSPQVAAHGKKVADALGLAVQNIDNMATALAALSHQHAHKLKVDPKYFAHIADSLLTTLEKNLAGEMTPAVKASLAKFFAKVGAVLTSQAG,-0.6989511259904144,-0.6989511259904144
sample9_t0.50_0.582,SLSAADKAAVKAAWAKVGADGAKLGAEALQCTFGKYPEAKAYFPNFDLSAGSPQVAAHGARVAAALGLAVENIDNMDAALARLAQLHAHTLKVDPKYFAQVGQCLLDTLAANLPAEMTPAVKASLTKFLAKVGQVLVSKMA,-0.642390528469221,-0.642390528469221
sample10_t0.50_0.574,ALTADDKAAVKAAFGKVGARGGELGAAALQRTFTTYPDTKKYFPNFDLSAGSSQVAAHGAKVAAALGLAVQNIDNMAAALAGLSNHHATKLKVDPKYFAYLAANILATLEANLPGEMTPAVKASMGKFLAAVGTVLVSKMA,-0.6609269811751994,-0.6609269811751994
